Dungeon,MazeCoinLowMaps,Zelda,Agent
0.009984000000000003,15.529608572326167,20.81886414651566,S
0.9307360000000001,14.704184203393138,19.905294924554184,H
17.135687265475745,17.622349055357382,21.377308012806452,HQ
