Dungeon,MazeCoinLowMaps,Zelda,Agent
0.09991996797437439,3.9407624354084283,4.5627693505716085,S
0.9647465988538131,3.8346035262322933,4.461535041278302,H
4.139527420548841,4.197898171151532,4.623560101567454,HQ
