Dungeon,MazeCoinLowMaps,Zelda,Agent
6.004,9.478168264110757,12.820707070707071,S
6.292,9.561235356762513,12.562962962962963,H
9.525547445255475,10.691954022988506,13.013245033112582,HQ
