Dungeon,MazeCoinLowMaps,Zelda,Agent
1.5331,2.2707454739084127,2.523181818181818,S
2.3266299999999998,2.4013844515441956,2.4727037037037034,H
2.390510948905109,2.460241379310345,2.500927152317881,HQ
