Dungeon,MazeCoinLowMaps,Zelda,Agent
0.16562819,0.07684332073297563,0.018274724517906342,S
0.06714294310000002,0.048198935264102835,0.026587134430727032,H
0.0525502081700068,0.03269407966706303,0.027782584097188718,HQ
