Dungeon,MazeCoinLowMaps,Zelda,Agent
0.40697443408646694,0.27720627830728445,0.1351840394347881,S
0.2591195536813075,0.21954255911805082,0.16305561759941617,H
0.2292383217745384,0.1808150427012726,0.16668108500123438,HQ
