Dungeon,MazeCoinLowMaps,Zelda,Agent
7.1169066294438785,22.775955808562898,82.37842117952071,S
11.513535482446544,23.681745614198757,80.69042981497275,H
11.438144467090895,21.539855438591935,87.63488539317017,HQ
