Dungeon,MazeCoinLowMaps,Zelda,ZeldaLowMaps,Agent
22.345166666666668,23.347000354987575,112.87752525252525,60.03796095444685,S
19.800833333333333,24.831203407880725,144.66358024691357,76.67152777777778,H
20.170142509558566,28.35766283524904,168.24172185430464,99.63974358974359,HQ
19.999651689306862,29.847187758478082,154.14631782945736,68.48850574712644,HQEX
