Dungeon,MazeCoinLowMaps,Zelda,Agent
50.650359972222226,518.7441629936101,6786.204276030508,S
132.56149930555557,560.825075335622,6510.945463725043,H
130.83114885004207,463.96537231543863,7679.87313787407,HQ
