Dungeon,MazeCoinLowMaps,Zelda,Agent
8.009,13.678,67.78605200945627,S
8.348,14.641,70.5365551425031,H
19.007,24.516516516516518,63.534831460674155,HQ
