Dungeon,MazeCoinLowMaps,Zelda,Agent
0.028919,42.892316,2131.4353137277913,S
1.576896,58.340119000000016,2128.838502631098,H
177.14295099999998,291.26073821569315,1961.740921600808,HQ
