Dungeon,MazeCoinLowMaps,Zelda,Agent
0.17005587317114337,6.549222549280182,46.16747029811999,S
1.2557451970841855,7.638070371500908,46.139337908460476,H
13.309506038918197,17.066362770540568,44.291544583597535,HQ
