Dungeon,MazeCoinLowMaps,Zelda,ZeldaLowMaps,Agent
1.2027800000000002,1.9445700000000001,2.8606855791962174,2.829280089988751,S
2.66023,2.6181,2.8768525402726146,2.532393162393162,H
2.7685699999999995,2.8048348348348346,2.9399438202247192,2.8923569023569025,HQ
2.74606,2.80291,2.9539934533551553,2.9420607028753993,HQEX
