Dungeon,MazeCoinLowMaps,Zelda,Agent
0.4146855092717854,0.399335967701383,0.16394155954395676,S
0.2544320087960632,0.2622067695541059,0.17028587906819462,H
0.2151577446897973,0.2029831271254963,0.11626440802829525,HQ
