Dungeon,MazeCoinLowMaps,Zelda,Agent
0.17196407160000002,0.1594692151,0.026876834945704715,S
0.06473564709999999,0.06875238999999998,0.028997280610027803,H
0.04629285509999999,0.04120214989764539,0.013517412574169926,HQ
