Dungeon,MazeCoinLowMaps,Zelda,Agent
17.9615,40.498125,154.0512706855792,S
19.5665,29.957625,169.73451053283767,H
19.864875,27.920045045045047,134.3452247191011,HQ
