Dungeon,MazeCoinLowMaps,Zelda,Agent
4.774491360344053,13.789325454291628,80.70361311111877,S
11.60414054335779,18.778753402698886,79.21040103309424,H
11.934094696891549,21.179832953115916,75.79427678213592,HQ
