Dungeon,MazeCoinLowMaps,Zelda,Agent
22.79576775,190.145496484375,6513.073169189142,S
134.65607775,352.64157935937493,6274.2876318236185,H
142.422616234375,448.58532392189494,5744.77239292703,HQ
