Dungeon,MazeCoinLowMaps,Zelda,ZeldaLowMaps,Agent
8.002,14.587587587587588,33.024,30.368303571428573,S
8.386,15.178178178178179,33.04109589041096,28.287769784172664,H
19.37987679671458,23.030818278427205,31.29695431472081,32.723970944309926,HQ
13.857857857857859,33.043010752688176,31.820960698689955,33.109947643979055,HQEX
