Dungeon,MazeCoinLowMaps,Zelda,ZeldaLowMaps,Agent
0.044676615807377355,7.6564160540607356,15.502669361543298,15.515561738161514,S
1.3217427888965387,8.125534357374729,15.374047119298856,14.963862755028101,H
11.934947113965679,13.545613352465853,15.756092717703755,15.98444557857299,HQ
8.039804367650117,15.116688761346225,15.930753454475289,15.799909055917674,HQEX
