Dungeon,MazeCoinLowMaps,Zelda,Agent
8.002,14.587587587587588,33.024,S
8.386,15.178178178178179,33.04109589041096,H
19.37987679671458,23.030818278427205,31.29695431472081,HQ
