Dungeon,MazeCoinLowMaps,Zelda,Agent
0.0019960000000000004,58.62070679287896,240.3327573333333,S
1.747004,66.02430859287716,236.36132482642148,H
142.44296261315768,183.4836410945012,248.2544577288773,HQ
