Dungeon,MazeCoinLowMaps,Zelda,Agent
0.1347164144,0.12609923637351064,0.02626818559999999,S
0.06152099999999999,0.06762613143674204,0.03408187746293863,H
0.04919808585860715,0.04236481415185644,0.01367904609755469,HQ
