Dungeon,MazeCoinLowMaps,Zelda,Agent
0.3670373474184882,0.3551045428792916,0.16207462972347025,S
0.24803427182548785,0.26005024790748044,0.18461277708473656,H
0.2218064152782943,0.2058271462947889,0.11695745421970628,HQ
