Dungeon,MazeCoinLowMaps,Zelda,Agent
1.73684,2.319319319319319,2.88488,S
2.6479999999999997,2.634314314314314,2.847739726027397,H
2.77282340862423,2.7894261424017004,2.932284263959391,HQ
