Dungeon,MazeCoinLowMaps,Zelda,Agent
31.708699750000005,440.5029143100809,5566.566538222222,S
126.59118123437499,529.9748253634015,5542.885262244324,H
128.84601537761577,519.5422487714304,7888.692924704159,HQ
