Dungeon,MazeCoinLowMaps,Zelda,Agent
18.3005,24.041416416416418,164.48866666666666,S
19.275125,28.1514014014014,164.49657534246575,H
21.029645790554415,27.413788522848034,168.72239847715736,HQ
