Dungeon,MazeCoinLowMaps,Zelda,Agent
5.631047837658636,20.988161289405056,74.60942660429862,S
11.251274649317516,23.02118210178186,74.45055582226585,H
11.351035872448636,22.793469432524535,88.81831412892365,HQ
