Dungeon,MazeCoinLowMaps,Zelda,Agent
8.009,11.864508393285371,13.590909090909092,S
8.642642642642643,12.060643564356436,14.461538461538462,H
12.275952693823916,13.314903846153847,14.22167487684729,HQ
