Dungeon,MazeCoinLowMaps,Zelda,Agent
0.14463402089411742,3.836541684440863,4.034800407091889,S
1.5912119213989775,3.864990820334566,3.9574117959401924,H
4.232415105728298,4.134094751433663,4.400528758277011,HQ
