Dungeon,MazeCoinLowMaps,Zelda,Agent
0.020918999999999997,14.719052096452334,16.27961432506887,S
2.531955378802226,14.938154041270463,15.66110812264658,H
17.91333762719708,17.09073941383136,19.364653352423016,HQ
