Dungeon,MazeCoinLowMaps,Zelda,Agent
1.70141,2.3545323741007196,2.7932954545454542,S
2.6428928928928928,2.4957797029702973,2.8095104895104894,H
2.7843101182654397,2.7838701923076923,2.905073891625616,HQ
