Dungeon,MazeCoinLowMaps,Zelda,Agent
0.16253051190000004,0.11189408588237325,0.046823609676308525,S
0.06156009963917872,0.08310459008308006,0.03407458555430582,H
0.0448282034324433,0.04579247353457839,0.021379674342983324,HQ
