Dungeon,MazeCoinLowMaps,Zelda,Agent
0.4031507309927641,0.33450573370627484,0.21638763753114115,S
0.24811307833159202,0.2882786674089501,0.18459302683012113,H
0.2117267187495317,0.21399176043618687,0.14621790021397285,HQ
