Dungeon,MazeCoinLowMaps,Zelda,Agent
5.50964769744854,20.561786090967114,56.10839550195923,S
11.745545968652474,21.36125097867818,68.9781652748008,H
11.59284703662039,21.278914450992275,63.838476880653815,HQ
