Dungeon,MazeCoinLowMaps,Zelda,Agent
18.8115,29.23890887290168,150.06107954545453,S
19.341466466466468,25.69631806930693,145.61276223776224,H
19.371386333771355,28.603365384615383,143.35160098522167,HQ
