Dungeon,MazeCoinLowMaps,Zelda,Agent
30.35621775,422.78704725068866,3148.1520458042787,S
137.95785010172838,456.3030433740795,4757.987284677735,H
134.39410241447814,452.7922002126479,4075.351130441772,HQ
