Dungeon,MazeCoinLowMaps,Zelda,Agent
6.019,9.753,29.251993620414673,S
6.29,11.272,31.00769230769231,H
11.668,14.75075075075075,31.16112956810631,HQ
