Dungeon,MazeCoinLowMaps,Zelda,Agent
0.29434503562995584,4.589770255688187,16.018539150120606,S
0.9496841580230765,6.384043859498461,16.347192727167915,H
6.981531064172099,9.483822004695874,15.51600665478883,HQ
