Dungeon,MazeCoinLowMaps,Zelda,ZeldaLowMaps,Agent
0.08663899999999998,21.065991,256.59359650394657,203.72742957819898,S
0.9018999999999998,40.756016,267.2307100591716,249.78274347907671,H
48.741776,89.94287981675367,240.74646251145128,223.04235822112045,HQ
28.779483999999997,89.80833360431842,261.3250359332691,240.888804400959,HQEX
