Dungeon,MazeCoinLowMaps,Zelda,Agent
1.5898400000000001,1.9364,2.4899362041467303,S
2.366,2.4156599999999995,2.5423076923076913,H
2.39174,2.4841441441441434,2.5461295681063123,HQ
