Dungeon,MazeCoinLowMaps,Zelda,ZeldaLowMaps,Agent
0.3924489449597234,0.3787923441676191,0.17071664991581303,0.2938724283139569,S
0.23181285555378506,0.21122396739006682,0.10824323365982791,0.17532883080547734,H
0.22990905245335602,0.16861101066110543,0.10600634574567543,0.1294967471377752,HQ
0.22313749998599522,0.1667133302356033,0.06423345772421564,0.09039050006069255,HQEX
