Dungeon,MazeCoinLowMaps,Zelda,ZeldaLowMaps,Agent
0.1540161744,0.14348364,0.029144174558478265,0.08636100412314172,S
0.05373720000000001,0.04461556440000001,0.011716597633136101,0.0307401989116157,H
0.052858172400000014,0.028429672916159412,0.01123734533835168,0.016769407519264888,HQ
0.04979034390000001,0.027793334478245328,0.004125937091208598,0.00817044250122206,HQEX
