Dungeon,MazeCoinLowMaps,Zelda,Agent
7.195507363780695,25.11775984349631,67.87428647564958,S
11.043806045572433,23.45340367622576,80.45773000651205,H
11.089533799438499,22.94980410752211,80.76725216187099,HQ
