Dungeon,MazeCoinLowMaps,Zelda,Agent
22.997333333333334,23.430666666666667,136.90271132376395,S
20.28783333333333,27.316,141.39038461538462,H
20.206333333333333,29.206706706706708,155.33333333333334,HQ
