Dungeon,MazeCoinLowMaps,Zelda,ZeldaLowMaps,Agent
51.77532622222222,630.9018595555557,4606.918764578548,1689.681866516545,S
121.96565197222222,550.062144,6473.446317800789,1736.675091428452,H
122.97775988888888,526.6935085736386,6523.349021779253,1964.0670474079661,HQ
137.10697863888888,497.6184525487052,6821.979827125536,1589.1208056700023,HQEX
