,Linearity,Leniency
0,0.7071302298173248,0.16923076923076924
1,0.0,0.09230769230769231
2,0.0,0.6153846153846154
3,1.0,0.6615384615384615
4,0.0,0.9076923076923077
5,1.0,1.0
6,0.0,0.0
7,0.0,0.4153846153846154
8,0.0,0.35384615384615387
