Dungeon,MazeCoinLowMaps,Zelda,Agent
0.009984000000000002,28.727483999999997,2010.2834526008003,S
1.207776,44.442375,1806.9577337799983,H
45.287324,81.202679,1235.9341584143044,HQ
