Dungeon,MazeCoinLowMaps,Zelda,Agent
0.09991996797437439,5.359802608305645,44.836184634743404,S
1.0989886259648003,6.666511456526569,42.50832546431344,H
6.72958572276184,9.011252909557028,35.15585525078723,HQ
