Dungeon,MazeCoinLowMaps,Zelda,Agent
6.004,10.246,62.34649122807018,S
6.332,11.425,56.71127502634352,H
10.974,13.889,42.923702950152595,HQ
