Dungeon,MazeCoinLowMaps,Zelda,Agent
0.57574,2.10223,2.5362280701754374,S
2.3487799999999996,2.4053399999999994,2.558440463645942,H
2.4094999999999995,2.467339999999999,2.5163682604272632,HQ
