Dungeon,MazeCoinLowMaps,Zelda,Agent
0.49332834137113996,0.3698587934604232,0.12050344212072304,S
0.2524308055685756,0.22927338354026186,0.08154651058774298,H
0.23753894417547625,0.17865140469640875,0.1423960586803447,HQ
