Dungeon,MazeCoinLowMaps,Zelda,Agent
0.2433728524,0.13679552709999998,0.01452107956294245,S
0.06372131160000002,0.05256628440000002,0.006649833389036878,H
0.05642475000000002,0.031916324400000015,0.02027663752769617,HQ
