Dungeon,MazeCoinLowMaps,Zelda,Agent
9.116167888888889,462.70966041666657,5516.818779943776,S
136.07500433333334,508.2857812222222,7694.6604710508755,H
138.03615155555556,426.99791955555554,5966.682481034833,HQ
