Dungeon,MazeCoinLowMaps,Zelda,Agent
3.01929923804993,21.51068712097934,74.27529050729977,S
11.665119130696151,22.545194193491042,87.71921380775636,H
11.748878736098844,20.663927979828898,77.24430387436236,HQ
