Dungeon,MazeCoinLowMaps,Zelda,Agent
17.522333333333332,27.7025,154.21144005847952,S
19.823,27.187666666666665,157.2448191078328,H
20.435333333333332,27.139333333333333,102.13886063072228,HQ
